id,email,subject,draft_id,status,attempts
dr-naomi-potter-instagram,info@menopausecare.co.uk,"A dignity-first incontinence product for your community",r7439572951343294552,created,1
elise-tzurkov-instagram,elise@functionallyfitwithelise.com,"A dignity-first incontinence product for your community",r6227857872436666406,created,1
flora-physical-therapy-instagram,info@floraphysicaltherapy.com,"A dignity-first incontinence product for your community",r-3161105575204263318,created,1
menopausemenu-blog,susan@menopausemenu.com,"A dignity-first incontinence product for your community",r-3841292791226612898,created,1
tamsen-fadal-instagram,info@tamsenfadal.com,"A dignity-first incontinence product for your community",r-2378320765033578007,created,1
ashley-menopause-nutrition-coach-instagram,ashley@ashleymalik.com,"A dignity-first incontinence product for your community",r3840785349709888520,created,1
middlesexmd-blog,orders@middlesexmd.com,"A dignity-first incontinence product for your community",r686257818284023440,created,1
nigel-denby-instagram,media@harleystathome.com,"A dignity-first incontinence product for your community",r-4908694373777933776,created,1
jessica-shepherd-md-instagram,hello@jessicashepherdmd.com,"A dignity-first incontinence product for your community",r8506775133110079202,created,1
claudia-taboada-instagram,claudia.taboada0410@gmail.com,"A dignity-first incontinence product for your community",r-2451821957265717670,created,1
let-s-all-talk-menopause-blog,hello@letsalltalkmenopause.co.uk,"A dignity-first incontinence product for your community",r-7024126331124620623,created,1
louise-boyce-mama-still-got-it-instagram,info@mamastillgotit.com,"A dignity-first incontinence product for your community",r5803075160488338335,created,1
menopausal-mother-blog,Marciakesterdoyle@yahoo.com,"A dignity-first incontinence product for your community",r1809762568278199152,created,1
the-pelvic-studio-youtube,info@thepelvicstudio.com,"A dignity-first incontinence product for your community",r9116262762089079440,created,1
senior-fitness-with-meredith-youtube,meredith@seniorfitnesswithmeredith.com,"A dignity-first incontinence product for your community",r-5402161227694663439,created,1
norma-psillos-instagram,hello@empoweredhealth.ie,"A dignity-first incontinence product for your community",r-5659912347348327991,created,1
dr-arianna-sholes-douglas-md-instagram,contact@drarianna.com,"A dignity-first incontinence product for your community",r1806079208270305470,created,1
dr-mary-claire-haver-md-instagram,partnerships@thepauselife.com,"A dignity-first incontinence product for your community",r4748989298863595682,created,1
lifestyle-fifty-blog,jo.cstr1@gmail.com,"A dignity-first incontinence product for your community",r-3376738631574063708,created,1
alana-saltz-blog,blanketsealit@gmail.com,"A dignity-first incontinence product for your community",r1804002994764222497,created,1
rachael-wonderlin-youtube,hello@dementiabyday.com,"A more comfortable option for the caregivers you reach",r-204146519431826721,created,1
pat-bailey-instagram,pat@care-givercoach.com,"A more comfortable option for the caregivers you reach",r-6513781769001763267,created,1
debbie-compton-instagram,Deb@ThePurpleVine.com,"A more comfortable option for the caregivers you reach",r4141787094520590680,created,1
caring-across-generations-ai-jen-poo-instagram,info@caringacross.org,"A more comfortable option for the caregivers you reach",r1489086994764515113,created,1
showy-ovaries-with-penny-ashton-podcast,penny@hotpink.co.nz,"Guest idea: incontinence, aging, and dignity",r1637491646642305952,created,1
perimenopause-wtf-podcast,hey@heyperry.com,"Guest idea: incontinence, aging, and dignity",r-3457155515622396334,created,1
dr-streicher-s-inside-information-menopause-midlife-and-more-podcast,Media@DrStreicher.com,"Guest idea: incontinence, aging, and dignity",r1892837682168515853,created,1
speaking-of-women-s-health-mayo-clinic-affiliated-your-bladd-podcast,swh@ccf.org,"Guest idea: incontinence, aging, and dignity",r6404468638818287627,created,1
caregiver-sos-on-air-podcast,caregiversos@wellmed.net,"Guest idea: incontinence, aging, and dignity",r6843073781853284600,created,1
assisted-living-locators-long-island-blog-health,Mikem@assistedlivinglocators.com,"A source + product for your incontinence & healthy-aging coverage",r-5348474057622326270,created,1
caring-village-blog-health,support@caringvillage.com,"A source + product for your incontinence & healthy-aging coverage",r-9087407448320806740,created,1
elderlife-financial-blog-health,info@elderlifefinancial.com,"A source + product for your incontinence & healthy-aging coverage",r-8171429817051273526,created,1
hallie-bateman-cup-of-jo-health,hello@cupofjo.com,"A source + product for your incontinence & healthy-aging coverage",r7744897574916219449,created,1
kimberly-goad-health,media@aarp.org,"A source + product for your incontinence & healthy-aging coverage",r-782710085516393767,created,1
parenting-aging-parents-facebook,info@parentingagingparents.com,"A respectful partner idea for your community",r5069776580769818085,created,1
