id,email,subject,template,body_path
association-for-pelvic-organ-prolapse-support-apops-facebook,info.apops@gmail.com,A respectful partner idea for your community,C_community,outreach/drafts/round2-bodies/association-for-pelvic-organ-prolapse-support-apops-facebook.txt
perimenopause-hub-expert-advice-and-peer-support-facebook,info@perimenopausehub.com,A respectful partner idea for your community,C_community,outreach/drafts/round2-bodies/perimenopause-hub-expert-advice-and-peer-support-facebook.txt
postpartum-support-international-facebook,psioffice@postpartum.net,A respectful partner idea for your community,C_community,outreach/drafts/round2-bodies/postpartum-support-international-facebook.txt
agingcare-caregiver-forum-forum,ConsumerFeedback@aplaceformom.com,A respectful partner idea for your community,C_community,outreach/drafts/round2-bodies/agingcare-caregiver-forum-forum.txt
alzconnected-alzheimer-s-association-forum,media@alz.org,A respectful partner idea for your community,C_community,outreach/drafts/round2-bodies/alzconnected-alzheimer-s-association-forum.txt
inspire-perimenopause-and-menopause-community-national-menop-forum,info@nationalmenopausefoundation.org,A respectful partner idea for your community,C_community,outreach/drafts/round2-bodies/inspire-perimenopause-and-menopause-community-national-menop-forum.txt
inspire-red-hot-mamas-menopause-support-community-forum,info@redhotmamas.org,A respectful partner idea for your community,C_community,outreach/drafts/round2-bodies/inspire-red-hot-mamas-menopause-support-community-forum.txt
menopause-matters-forum-forum,info@menopausematters.co.uk,A respectful partner idea for your community,C_community,outreach/drafts/round2-bodies/menopause-matters-forum-forum.txt
bladder-health-uk-forums-forum,millie@bladderhealthuk.org,A respectful partner idea for your community,C_community,outreach/drafts/round2-bodies/bladder-health-uk-forums-forum.txt
smart-patients-postpartum-community-forum,info@smartpatients.com,A respectful partner idea for your community,C_community,outreach/drafts/round2-bodies/smart-patients-postpartum-community-forum.txt
patientslikeme-urge-urinary-incontinence-community-forum,jmorel@patientslikeme.com,A respectful partner idea for your community,C_community,outreach/drafts/round2-bodies/patientslikeme-urge-urinary-incontinence-community-forum.txt
well-spouse-association-forum-forum,info@wellspouse.org,A respectful partner idea for your community,C_community,outreach/drafts/round2-bodies/well-spouse-association-forum-forum.txt
the-caregiver-space-forums-forum,info@thecaregiverspace.org,A respectful partner idea for your community,C_community,outreach/drafts/round2-bodies/the-caregiver-space-forums-forum.txt
age-of-majority-blog,jeff@ageofmajority.com,A dignity-first incontinence product for your community,A_creator,outreach/drafts/round2-bodies/age-of-majority-blog.txt
senior-affair-magazine-blog,greg@senioraffair.com,A dignity-first incontinence product for your community,A_creator,outreach/drafts/round2-bodies/senior-affair-magazine-blog.txt
caregiver-corner-elderdepot-blog,blog@elderdepot.com,A more comfortable option for the caregivers you reach,B_caregiver,outreach/drafts/round2-bodies/caregiver-corner-elderdepot-blog.txt
daughterhood-blog,info@daughterhood.org,A more comfortable option for the caregivers you reach,B_caregiver,outreach/drafts/round2-bodies/daughterhood-blog.txt
parenting-our-parents-pop-foundation-blog,Contact@ParentingOurParents.org,A more comfortable option for the caregivers you reach,B_caregiver,outreach/drafts/round2-bodies/parenting-our-parents-pop-foundation-blog.txt
advocate-for-mom-dad-blog,deb@advocateformomanddad.com,A more comfortable option for the caregivers you reach,B_caregiver,outreach/drafts/round2-bodies/advocate-for-mom-dad-blog.txt
this-chair-rocks-things-i-used-to-say-blog,ashton@thischairrocks.com,A more comfortable option for the caregivers you reach,B_caregiver,outreach/drafts/round2-bodies/this-chair-rocks-things-i-used-to-say-blog.txt
caring-considerations-blog,info@caringconsiderations.com,A dignity-first incontinence product for your community,A_creator,outreach/drafts/round2-bodies/caring-considerations-blog.txt
alzhecare-blog,gaobrother17@gmail.com,A more comfortable option for the caregivers you reach,B_caregiver,outreach/drafts/round2-bodies/alzhecare-blog.txt
aging-in-place-technology-watch-blog,laurie@ageinplacetech.com,A more comfortable option for the caregivers you reach,B_caregiver,outreach/drafts/round2-bodies/aging-in-place-technology-watch-blog.txt
as-our-parents-age-blog,asourparentsage@gmail.com,A more comfortable option for the caregivers you reach,B_caregiver,outreach/drafts/round2-bodies/as-our-parents-age-blog.txt
caregiverlist-blog,susan@caregiverlist.com,A more comfortable option for the caregivers you reach,B_caregiver,outreach/drafts/round2-bodies/caregiverlist-blog.txt
healthy-aging-magazine-blog,advertising@healthyaging.net,A more comfortable option for the caregivers you reach,B_caregiver,outreach/drafts/round2-bodies/healthy-aging-magazine-blog.txt
menopause-chicks-blog,menopausechick@gmail.com,A dignity-first incontinence product for your community,A_creator,outreach/drafts/round2-bodies/menopause-chicks-blog.txt
midlife-rambler-blog,nicole@midliferambler.com,A dignity-first incontinence product for your community,A_creator,outreach/drafts/round2-bodies/midlife-rambler-blog.txt
chelsea-method-blog,support@chelseamethod.com,A dignity-first incontinence product for your community,A_creator,outreach/drafts/round2-bodies/chelsea-method-blog.txt
jenn-salib-huber-blog,jenn@jennsalibhuber.ca,A dignity-first incontinence product for your community,A_creator,outreach/drafts/round2-bodies/jenn-salib-huber-blog.txt
women-of-a-certain-stage-blog,hello@womenofacertainstage.com,A dignity-first incontinence product for your community,A_creator,outreach/drafts/round2-bodies/women-of-a-certain-stage-blog.txt
dara-shalom-md-instagram,thebladderfixer@gmail.com,A dignity-first incontinence product for your community,A_creator,outreach/drafts/round2-bodies/dara-shalom-md-instagram.txt
dr-fatima-khan-instagram,media@drfatimakhan.com,A dignity-first incontinence product for your community,A_creator,outreach/drafts/round2-bodies/dr-fatima-khan-instagram.txt
casey-farlow-hormone-dietitian-instagram,casey@hormonedietitian.com,A dignity-first incontinence product for your community,A_creator,outreach/drafts/round2-bodies/casey-farlow-hormone-dietitian-instagram.txt
kate-rowe-ham-instagram,admin@owningyourmenopause.com,A dignity-first incontinence product for your community,A_creator,outreach/drafts/round2-bodies/kate-rowe-ham-instagram.txt
christie-chapman-instagram,christiechapman@me.com,A dignity-first incontinence product for your community,A_creator,outreach/drafts/round2-bodies/christie-chapman-instagram.txt
kate-beavis-tiktok,kate@kategrosvenor.com,A dignity-first incontinence product for your community,A_creator,outreach/drafts/round2-bodies/kate-beavis-tiktok.txt
metabolism-menopause-podcast-youtube,stephanie@vitalityoet.com,A dignity-first incontinence product for your community,A_creator,outreach/drafts/round2-bodies/metabolism-menopause-podcast-youtube.txt
the-caregiver-s-journey-youtube,sue@thecaregiversjourney.org,A more comfortable option for the caregivers you reach,B_caregiver,outreach/drafts/round2-bodies/the-caregiver-s-journey-youtube.txt
more-life-health-seniors-youtube,mike@morelifehealth.com,A dignity-first incontinence product for your community,A_creator,outreach/drafts/round2-bodies/more-life-health-seniors-youtube.txt
the-pelvic-floor-project-podcast,mel@pelvicfloorprojectspace.com,"Guest idea: incontinence, aging, and dignity",P_podcast,outreach/drafts/round2-bodies/the-pelvic-floor-project-podcast.txt
her-health-matters-podcast,frank@associationbriefings.com,"Guest idea: incontinence, aging, and dignity",P_podcast,outreach/drafts/round2-bodies/her-health-matters-podcast.txt
the-flipping-50-show-podcast,debra@flippingfifty.com,"Guest idea: incontinence, aging, and dignity",P_podcast,outreach/drafts/round2-bodies/the-flipping-50-show-podcast.txt
hello-menopause-let-s-talk-menopause-podcast,Podcast@LetsTalkMenopause.org,"Guest idea: incontinence, aging, and dignity",P_podcast,outreach/drafts/round2-bodies/hello-menopause-let-s-talk-menopause-podcast.txt
everyday-wellness-with-cynthia-thurlow-podcast,support@cynthiathurlow.com,"Guest idea: incontinence, aging, and dignity",P_podcast,outreach/drafts/round2-bodies/everyday-wellness-with-cynthia-thurlow-podcast.txt
hotflash-inc-podcast-podcast,connect@hotflashinc.com,"Guest idea: incontinence, aging, and dignity",P_podcast,outreach/drafts/round2-bodies/hotflash-inc-podcast-podcast.txt
willgather-podcast-podcast,hello@willgather.com,"Guest idea: incontinence, aging, and dignity",P_podcast,outreach/drafts/round2-bodies/willgather-podcast-podcast.txt
daughterhood-the-podcast-podcast,info@daughterhood.org,"Guest idea: incontinence, aging, and dignity",P_podcast,outreach/drafts/round2-bodies/daughterhood-the-podcast-podcast.txt
the-agewyz-podcast-podcast,jana@agewyz.com,"Guest idea: incontinence, aging, and dignity",P_podcast,outreach/drafts/round2-bodies/the-agewyz-podcast-podcast.txt
own-your-midlife-podcast-podcast,ownyourmidlifepodcast@gmail.com,"Guest idea: incontinence, aging, and dignity",P_podcast,outreach/drafts/round2-bodies/own-your-midlife-podcast-podcast.txt
all-things-seniors-a-podcast-for-caregivers-podcast,Rafiq@SeniorsPodcast.com,"Guest idea: incontinence, aging, and dignity",P_podcast,outreach/drafts/round2-bodies/all-things-seniors-a-podcast-for-caregivers-podcast.txt
the-boomer-woman-s-podcast-podcast,agnes@twoboomerwomen.com,"Guest idea: incontinence, aging, and dignity",P_podcast,outreach/drafts/round2-bodies/the-boomer-woman-s-podcast-podcast.txt
the-flow-space-health,ecegielski@shemedia.com,A source + product for your incontinence & healthy-aging coverage,E_publication,outreach/drafts/round2-bodies/the-flow-space-health.txt
carewell-health,support@carewell.com,A source + product for your incontinence & healthy-aging coverage,E_publication,outreach/drafts/round2-bodies/carewell-health.txt
healthywomen-org-health,rebecca@healthywomen.org,A source + product for your incontinence & healthy-aging coverage,E_publication,outreach/drafts/round2-bodies/healthywomen-org-health.txt
healthinaging-org-ags-health-in-aging-foundation-health,info@healthinaging.org,A source + product for your incontinence & healthy-aging coverage,E_publication,outreach/drafts/round2-bodies/healthinaging-org-ags-health-in-aging-foundation-health.txt
the-hot-years-magazine-health,info@doctorseibel.com,A source + product for your incontinence & healthy-aging coverage,E_publication,outreach/drafts/round2-bodies/the-hot-years-magazine-health.txt
ba50-better-after-50-health,editor@betterafter50.com,A source + product for your incontinence & healthy-aging coverage,E_publication,outreach/drafts/round2-bodies/ba50-better-after-50-health.txt
today-s-caregiver-caregiver-com-health,nancy@caregiver.com,A source + product for your incontinence & healthy-aging coverage,E_publication,outreach/drafts/round2-bodies/today-s-caregiver-caregiver-com-health.txt
zaggocare-health,customercare@zaggocare.org,A source + product for your incontinence & healthy-aging coverage,E_publication,outreach/drafts/round2-bodies/zaggocare-health.txt
menopause-matters-magazine-health,editor@menopausematters.co.uk,A source + product for your incontinence & healthy-aging coverage,E_publication,outreach/drafts/round2-bodies/menopause-matters-magazine-health.txt
the-mutton-club-health,info@themuttonclub.com,A source + product for your incontinence & healthy-aging coverage,E_publication,outreach/drafts/round2-bodies/the-mutton-club-health.txt
seniors-lifestyle-magazine-health,contact@seniorslifestylemag.com,A source + product for your incontinence & healthy-aging coverage,E_publication,outreach/drafts/round2-bodies/seniors-lifestyle-magazine-health.txt
nexttribe-health,info@nexttribe.com,A source + product for your incontinence & healthy-aging coverage,E_publication,outreach/drafts/round2-bodies/nexttribe-health.txt
grand-magazine-health,editor@grandmagazine.com,A source + product for your incontinence & healthy-aging coverage,E_publication,outreach/drafts/round2-bodies/grand-magazine-health.txt
national-association-of-baby-boomer-women-nabbw-health,info@nabbw.com,A source + product for your incontinence & healthy-aging coverage,E_publication,outreach/drafts/round2-bodies/national-association-of-baby-boomer-women-nabbw-health.txt
senior-scene-magazine-health,Info@SeniorSceneMag.com,A source + product for your incontinence & healthy-aging coverage,E_publication,outreach/drafts/round2-bodies/senior-scene-magazine-health.txt
3rd-act-magazine-health,Victoria@3rdactmagazine.com,A source + product for your incontinence & healthy-aging coverage,E_publication,outreach/drafts/round2-bodies/3rd-act-magazine-health.txt
beth-mom-and-dad-have-dementia-instagram,momanddadhavedementia@gmail.com,A more comfortable option for the caregivers you reach,B_caregiver,outreach/drafts/round2-bodies/beth-mom-and-dad-have-dementia-instagram.txt
patti-lafleur-instagram,patti.lafleur@outlook.com,A more comfortable option for the caregivers you reach,B_caregiver,outreach/drafts/round2-bodies/patti-lafleur-instagram.txt
brie-matthews-instagram,brie@famfluence.com,A dignity-first incontinence product for your community,A_creator,outreach/drafts/round2-bodies/brie-matthews-instagram.txt
jordan-adams-the-ftd-brothers-instagram,theftdbrothers@gmail.com,A more comfortable option for the caregivers you reach,B_caregiver,outreach/drafts/round2-bodies/jordan-adams-the-ftd-brothers-instagram.txt
marnie-simpson-instagram,marniesimpsonbookings@gmail.com,A dignity-first incontinence product for your community,A_creator,outreach/drafts/round2-bodies/marnie-simpson-instagram.txt
jessica-c-guthrie-instagram,hello@jessicacguthrie.com,A more comfortable option for the caregivers you reach,B_caregiver,outreach/drafts/round2-bodies/jessica-c-guthrie-instagram.txt
brittany-noonan-instagram,brittany@srss.info,A dignity-first incontinence product for your community,A_creator,outreach/drafts/round2-bodies/brittany-noonan-instagram.txt
