id,name,platform,priority,tier,verified,audience_fit,best_email,email_source_url,notes
charlotte-hunter-instagram,Charlotte Hunter,Instagram,P3,needs-reverify,unsure,good,charlotte@charlottehunternutrition.co.uk,https://charlottehunternutrition.co.uk/,"Menopause nutritionist; email from search snippet, not directly confirmed on page"
cindy-and-christina-hardin-weiss-caregiving-com-instagram,Cindy and Christina Hardin-Weiss (Caregiving.com),Instagram,P2,needs-reverify,unsure,good,aecorner15@gmail.com,https://aginginplacedirectory.com/listings/the-adaptive-equipment-and-caregiving-corner/,Real duo found (wrong IG handle in row); own domain now hijacked/steroid site
dr-aditi-singh-instagram,Dr. Aditi Singh,Instagram,P3,needs-reverify,unsure,weak,support@momfirst.in,https://momfirst.in/contact/,"momfirst.in is India-based prenatal platform, not aging/incontinence audience"
dr-mae-hughes-dpt-instagram,"Dr. Mae Hughes, DPT",Instagram,P2,needs-reverify,yes,weak,hello@drmaehughes.com,https://drmaehughes.com/,"postpartum pelvic-floor PT; own site email confirmed, audience skews younger"
eldergym-fitness-for-seniors-youtube,Eldergym Fitness for Seniors,youtube,P2,needs-reverify,unsure,good,douglas@eldergym.com,https://eldergymacademy.com/tos/,"email from ToS search snippet only, could not directly confirm via fetch"
hit-play-not-pause-podcast,Hit Play Not Pause,podcast,P2,needs-reverify,unsure,good,podcasts@livefeisty.com,https://livefeisty.com/,Feisty Media podcast email from search; own site blocked fetch (403)
lisa-donaldson-instagram,Lisa Donaldson,instagram,P2,needs-reverify,unsure,good,info.feedinc@gmail.com,https://www.feedinc.net/lisa-donaldson.html,AUS telehealth menopause dietitian; practice inbox; personal site SSL error
peanut-menopause-community-forum,Peanut Menopause Community,website,P2,needs-reverify,unsure,good,support@teampeanut.com,https://justuseapp.com/en/app/1178656034/peanut-find-friends-support/contact,"support email from third-party listing, not confirmed on peanut-app.io itself"
petra-coveney-menopause-yoga-instagram,Petra Coveney (Menopause Yoga),instagram,P2,needs-reverify,unsure,good,petra@menopause-yoga.com,https://www.menopause-yoga.com/,Email from search snippet only; not confirmed via direct site fetch
the-fit-cookie-blog,The Fit Cookie,website,P2,needs-reverify,yes,weak,thefitcookie@gmail.com,https://thefitcookie.com/work-with-me/,"Own site partnership email; general fitness blog, IC content adjacent"
the-perimenopause-blog-blog,The Perimenopause Blog,website,P2,needs-reverify,unsure,good,magnolia.miller@theperimenopauseblog.com,search snippet only (site 500 errors on fetch),Own site returned server errors twice; email unconfirmed on-page
vanika-retirement-guide-blog,Vanika Retirement Guide,web,P2,needs-reverify,yes,weak,josh@vanika.com,https://vanika.com/pages/about-us,"Owner email confirmed; site reads as SEO content-mill, not community"
wellness-briefs-health,Wellness Briefs,web,P2,needs-reverify,yes,weak,info@wellnessbriefs.com,https://wellnessbriefs.com/pages/contact,"Commerce-content hybrid site; general inbox, no named editor"
alana-saltz-blog,Alana Saltz,web,P2,strong,yes,good,blanketsealit@gmail.com,https://alanasaltz.com/contact,IC patient-advocate writer; own site contact page confirmed
ashley-menopause-nutrition-coach-instagram,Ashley (@menopause.nutrition.coach),Instagram,P2,strong,yes,good,ashley@ashleymalik.com,https://ashleymalik.com/contact-me,Cross-matched IG bio to ashleymalik.com; menopause coach women 40+
assisted-living-locators-long-island-blog-health,Assisted Living Locators Long Island Blog,web,P3,strong,yes,good,Mikem@assistedlivinglocators.com,https://assistedlivinglocatorslongisland.com/contact,Owner Mike McClernon email confirmed on own contact page
caregiver-sos-on-air-podcast,Caregiver SOS On Air,podcast,P3,strong,yes,good,caregiversos@wellmed.net,https://www.wellmedcharitablefoundation.org/contact-us/,WellMed Charitable Foundation runs show; dedicated caregiver inbox
caring-across-generations-ai-jen-poo-instagram,Caring Across Generations (Ai-jen Poo),Instagram,P3,strong,yes,good,info@caringacross.org,https://caringacross.org/contact-us/,Own site confirmed; press@caringacross.org also available; advocacy org
caring-village-blog-health,Caring Village Blog,web,P2,strong,yes,good,support@caringvillage.com,https://caringvillage.com/contact/,Caregiver app support email confirmed on official contact page
claudia-taboada-instagram,Claudia Taboada,instagram,P2,strong,yes,good,claudia.taboada0410@gmail.com,https://claudiataboada.com/contact/,Off-platform site found; personal Gmail listed for corporate inquiries
debbie-compton-instagram,Debbie Compton,instagram,P3,strong,yes,good,Deb@ThePurpleVine.com,https://thepurplevine.com/contact/,Founder The Purple Vine; email confirmed on own contact page
dr-arianna-sholes-douglas-md-instagram,"Dr. Arianna Sholes-Douglas, MD",Instagram,P2,strong,yes,good,contact@drarianna.com,https://drarianna.com/contact/,OB-GYN menopause author; own site email confirmed
dr-mary-claire-haver-md-instagram,"Dr. Mary Claire Haver, MD",Instagram,P2,strong,yes,good,partnerships@thepauselife.com,https://thepauselife.com/pages/contact,Mega OB-GYN influencer; own site thepauselife.com has partnerships inbox
dr-naomi-potter-instagram,Dr. Naomi Potter,instagram,P2,strong,yes,good,info@menopausecare.co.uk,https://www.menopausecare.co.uk/contact-us,"Confirmed on clinic's own contact page; general inquiries, not personal email"
dr-streicher-s-inside-information-menopause-midlife-and-more-podcast,"Dr. Streicher's Inside Information: Menopause, Midlife, and More",podcast,P2,strong,yes,good,Media@DrStreicher.com,https://www.drstreicher.com/contact,Media/business email on her own site; Northwestern-affiliated expert
elderlife-financial-blog-health,ElderLife Financial (blog),web,P2,strong,yes,good,info@elderlifefinancial.com,https://www.elderlifefinancial.com/contact-us/,"Senior-care finance content site; general inbox, no author byline"
elise-tzurkov-instagram,Elise Tzurkov,instagram,P2,strong,yes,good,elise@functionallyfitwithelise.com,https://www.functionallyfitwithelise.com/about-us,"Own domain confirmed; perimenopause coach for women 40+, real business"
flora-physical-therapy-instagram,Flora Physical Therapy,Instagram,P2,strong,yes,good,info@floraphysicaltherapy.com,https://www.floraphysicaltherapy.com/,Durham NC pelvic-health clinic; small local audience but strong topical fit
hallie-bateman-cup-of-jo-health,Hallie Bateman / Cup of Jo,web,P2,strong,yes,good,hello@cupofjo.com,https://cupofjo.com/about,"Pitch via Cup of Jo editorial inbox, not Bateman directly (guest contributor)"
jessica-shepherd-md-instagram,"Jessica Shepherd, MD",Instagram,P2,strong,yes,good,hello@jessicashepherdmd.com,https://www.jessicashepherdmd.com/contact-dr-jessica-shepherd,"Own site confirmed; OB-GYN/Modern Meno founder, strong menopause fit"
kimberly-goad-health,Kimberly Goad,web,P0,strong,yes,good,media@aarp.org,https://www.aarp.org/press/contact-us/,from-holds: Confirmed on aarp.org press page; general inbox not author-specific
let-s-all-talk-menopause-blog,Let's all Talk Menopause,website,P2,strong,yes,good,hello@letsalltalkmenopause.co.uk,https://www.letsalltalkmenopause.co.uk/contact,Email confirmed on own contact page
lifestyle-fifty-blog,Lifestyle Fifty,website,P1,strong,yes,good,jo.cstr1@gmail.com,https://lifestylefifty.com/contacts/,"from-holds: Own site spells email with a dot, differs from input jocstr1@gmail.com"
louise-boyce-mama-still-got-it-instagram,Louise Boyce (Mama Still Got It),instagram,P3,strong,yes,good,info@mamastillgotit.com,https://mamastillgotit.com/contact/,"Own site confirmed; broad midlife-lifestyle audience, not incontinence-specific"
menopausal-mother-blog,Menopausal Mother,website,P2,strong,yes,good,Marciakesterdoyle@yahoo.com,https://www.menopausalmom.com/p/about-me.html,Personal Yahoo email listed on her own About page
menopausemenu-blog,MenopauseMenu,website,P2,strong,yes,good,susan@menopausemenu.com,https://www.menopausemenu.com/contact/,Confirmed on Dr. Baumgaertel's own contact page; physician menopause blog
middlesexmd-blog,MiddlesexMD,website,P2,strong,yes,good,orders@middlesexmd.com,https://middlesexmd.com/pages/contact-us,"Own site confirmed; sells pelvic-floor products, adjacent category"
nigel-denby-instagram,Nigel Denby,instagram,P2,strong,yes,good,media@harleystathome.com,https://www.harleystathome.com/media-press/,"Own site confirmed; menopause dietitian, 75K-member community"
norma-psillos-instagram,Norma Psillos,Instagram,P2,strong,yes,good,hello@empoweredhealth.ie,https://empoweredhealth.ie/contact-us/,Ireland-based menopause coach; email confirmed on own site
parenting-aging-parents-facebook,Parenting Aging Parents,facebook,P2,strong,yes,good,info@parentingagingparents.com,https://parentingagingparents.com/contact/,Own site confirmed; site links to same-name Facebook group
pat-bailey-instagram,Pat Bailey,instagram,P2,strong,yes,good,pat@care-givercoach.com,https://findingnewtomorrows.com/,Own site lists email directly; Fort Worth TX caregiver coach
perimenopause-wtf-podcast,Perimenopause WTF?,podcast,P2,strong,yes,good,hey@heyperry.com,https://heyperry.com/contact/,"Own site confirmed; Perry app backs the podcast, contact form also"
rachael-wonderlin-youtube,Rachael Wonderlin,youtube,P2,strong,yes,good,hello@dementiabyday.com,https://dementiabyday.com/contact/,"Own site confirmed; dementia-care author/consultant, strong topical fit"
senior-fitness-with-meredith-youtube,Senior Fitness With Meredith,youtube,P2,strong,yes,good,meredith@seniorfitnesswithmeredith.com,https://www.seniorfitnesswithmeredith.com/contact,Personal email confirmed on own contact page
showy-ovaries-with-penny-ashton-podcast,Showy Ovaries with Penny Ashton,podcast,P3,strong,yes,good,penny@hotpink.co.nz,https://www.hotpink.co.nz/contact/,"Confirmed on own site; NZ-based menopause podcast, lower priority for US brand"
speaking-of-women-s-health-mayo-clinic-affiliated-your-bladd-podcast,"Speaking of Women's Health (Mayo Clinic-affiliated) — ""Your Bladder Matters"" episode",podcast,P2,strong,yes,good,swh@ccf.org,https://speakingofwomenshealth.com/about/contact,"Actually Cleveland Clinic-affiliated, not Mayo; email confirmed on-site"
tamsen-fadal-instagram,Tamsen Fadal,Instagram,P2,strong,yes,good,info@tamsenfadal.com,https://www.tamsenfadal.com/press-and-media,Confirmed on own press page; NYT bestselling menopause author/advocate
the-pelvic-studio-youtube,The Pelvic Studio,youtube,P2,strong,yes,good,info@thepelvicstudio.com,https://www.thepelvicstudio.com/contact,Own site confirmed; Australia-based pelvic floor physio practice
