id,name,platform,handle,url,priority,verified,note
all-about-incontinence-youtube,All About Incontinence,youtube,,https://www.youtube.com/channel/UCxt4MTCFYy8CaFz-4IVw5Uw,P2,unsure,No off-platform site found; cited in academic studies; contact via YouTube only
brooke-faught-dnp-whnp-bc-ncmp-instagram,"Brooke Faught, DNP, WHNP-BC, NCMP",Instagram,Women's Institute for Sexual Health (WISH),https://www.urologynashville.com/providers/brooke-faught-dnp-whnp-bc-ncmp-faanp-if/,P2,yes,"Practice site has phone only, no email/form; no personal IG confirmed"
caregivers-connect-facebook,Caregivers Connect,facebook,CaregiversConnect,https://www.facebook.com/groups/CaregiversConnect/,P2,unsure,FB group sponsored by Lively; no off-platform site; admin unconfirmed
charlotte-mckinney-instagram,Charlotte McKinney,instagram,,https://www.sollishealth.com/charlotte-mckinney,P3,unsure,No personal site/agent found; only Sollis Health corporate contact available
cresting-the-hill-blog,Cresting The Hill,website,,https://www.crestingthehill.com.au/,P2,yes,"real blogger, own domain confirmed; no email/form, only Facebook page"
deliberate-aging-podcast,Deliberate Aging,podcast,,https://deliberateaging.buzzsprout.com/,P2,unsure,No email or website found; Facebook page is only viable contact
dementia-alzheimers-family-caregiver-support-facebook,Dementia/Alzheimers Family Caregiver Support,facebook,,https://www.facebook.com/groups/1490883851158632/,P3,unsure,No off-platform site found for this FB group; DM only
dementia-caregivers-support-group-facebook,Dementia Caregivers Support Group,Facebook,,https://www.facebook.com/groups/672984902717938/,P2,unsure,FB group only; no off-platform site; member/admin count unconfirmed
emily-gammell-blog,Emily Gammell,web,,https://chronicdiseasecoalition.org/news/patient-advocate-spotlight-emily-gammell,P2,unsure,no personal site/social confirmed; only third-party advocacy spotlight article
flora-shin-instagram,Flora Shin,instagram,@salmfitness,https://www.instagram.com/salmfitness/,P3,unsure,No off-platform site/contact found beyond social; nano-audience coach
hatty-mccafferty-instagram,Hatty McCafferty,instagram,@realmenopausetalk,https://www.instagram.com/realmenopausetalk/,P3,unsure,Personal domain realmenopausetalk.com expired/parked; IG DM only live contact path
herspace-perimenopause-menopause-support-group-facebook,HerSpace perimenopause & menopause support group,Facebook,herspaceperimenopauseandmenopausesupport,https://www.facebook.com/groups/herspaceperimenopauseandmenopausesupport/,P2,unsure,11K figure unconfirmed per ABC News cite; no off-platform site
how-ic-it-blog,How IC It...,web,,http://how-ic-it.blogspot.com/,P3,unsure,Author 'Deni' per linked FB page; no email or off-platform site found
ic-support-network-instagram,IC Support Network,instagram,@icwarriors,https://www.instagram.com/icwarriors/,P2,no,No distinct off-platform org verified; 'IC Warriors' is a generic term
jennifer-davis-md-cmp-rd-youtube,"Jennifer Davis, MD, CMP, RD",YouTube,Menopause Mastery,https://mlrb.net/menopause-youtube-channels/,P3,no,"mlrb.net appears to be affiliate/AI content site, not a verified physician site"
jordan-sara-kurtzman-blog,Jordan Sara Kurtzman,Substack,jordansarakurtzman,https://jordansarakurtzman.substack.com/,P2,yes,"LA writer; Substack only, no email; IC not incontinence-specific"
judy-burkle-instagram,Judy Burkle,instagram,@judy_burkle__,https://www.instagram.com/judy_burkle__/,P2,unsure,own domain unreachable/possibly defunct; no verified email found
karen-karlsen-instagram,Karen Karlsen,instagram,@karenmkarlsen,https://www.instagram.com/karenmkarlsen/,P3,unsure,"Real macro-nutrition coach 50+ confirmed; only Linktree/social, no site"
kari-anne-wright-youtube,Kari Anne Wright,youtube,,https://www.youtube.com/c/kariannewright,P2,yes,"Linktree confirms real creator; no business email, DM/social only"
lauren-ohayon-restore-your-core-youtube,Lauren Ohayon (Restore Your Core),YouTube,Restore Your Core,https://restoreyourcore.com/resource-library/the-best-pelvic-floor-exercises-on-youtube-explore-restore-your-core-by-lauren-ohayon/,P1,no,from-holds: restoreyourcore.com blocks fetch (403) on all pages incl contact/faq
mariel-kirton-instagram,Mariel Kirton,instagram,@endalzheimers_ray,https://www.instagram.com/endalzheimers_ray/,P2,yes,No personal site; publishes only via ARUK/HuffPost guest posts
melani-tiktok,Melani,tiktok,@your.menopause.bff,https://www.tiktok.com/@your.menopause.bff,P2,yes,Own store site confirms identity; only TikTok DM or product quiz available
menopause-support-group-facebook,Menopause Support Group,Facebook,,https://www.facebook.com/groups/439232282854798/,P2,unsure,Generic group name confirmed via fetch; admin/size unverified
menopause-support-group-for-women-facebook,Menopause Support Group for Women,facebook,,https://www.facebook.com/groups/2289050958040388/,P2,unsure,Facebook group only; no off-platform site; admin/size unconfirmed
menopause-support-wellness-for-strong-women-facebook,Menopause Support & Wellness for Strong Women,facebook,,https://www.facebook.com/groups/725440067660769/,P2,unsure,FB peer-support group; no off-platform site; size/admin unconfirmed
my-disposable-adult-diaper-blog-blog,My Disposable Adult Diaper Blog,Facebook / Blog,@adultdiaperreviews,https://www.facebook.com/adultdiaperreviews/,P3,no,claimed off-platform domain does not resolve; only Facebook page exists
nectaria-pospori-instagram,Nectaria Pospori,instagram,@perimenopause.fitness.coach,https://www.instagram.com/perimenopause.fitness.coach/,P2,unsure,"Perimenopause fitness coach; groovyglutes.com DNS unreachable, unconfirmed"
peri-menopause-menopause-support-group-facebook,Peri-Menopause & Menopause Support Group,facebook,,https://www.facebook.com/groups/1440918999316730/,P2,unsure,FB peer-support group; no off-platform site; size/admin unconfirmed
perimenopause-menopause-chat-hub-share-understand-empower-facebook,Perimenopause & Menopause Chat Hub: Share/ Understand/ Empower,facebook,menopausechathub,https://www.facebook.com/groups/menopausechathub/,P2,unsure,"Facebook group; blocked from direct fetch, prior title-match confirmation stands"
postpartum-depression-anxiety-support-group-facebook,Postpartum Depression & Anxiety Support Group,facebook,maternalmhmatterssupportgroup,https://www.facebook.com/groups/maternalmhmatterssupportgroup/,P2,yes,"Private admin-approved FB group; PPD/anxiety focus, product fit secondary"
r-alzheimers-reddit,r/Alzheimers,Reddit,r/Alzheimers,https://www.reddit.com/r/Alzheimers/,P2,unsure,"subreddit only, reddit blocks fetch; mods/off-platform presence unknown"
r-beyondthebump-reddit,r/beyondthebump,Reddit,r/beyondthebump,https://www.reddit.com/r/beyondthebump/,P2,unsure,"Broad new-parent sub, not incontinence-specific; modmail only"
r-chronicillness-reddit,r/ChronicIllness,Reddit,r/ChronicIllness,https://www.reddit.com/r/ChronicIllness/,P3,yes,"Real subreddit; broad chronic-illness audience, not incontinence-specific; modmail only"
r-diabetes-reddit,r/diabetes,Reddit,r/diabetes,https://www.reddit.com/r/diabetes/,P3,yes,Real subreddit but adjacent topic; incontinence a minority theme
r-eldercare-reddit,r/eldercare,Reddit,r/eldercare,https://www.reddit.com/r/eldercare/,P2,unsure,Subreddit; no off-platform org site found; modmail DM only
r-homehealthcare-reddit,r/homehealthcare,reddit,r/homehealthcare,https://www.reddit.com/r/homehealthcare/,P2,yes,Small ~2K member subreddit; no off-platform site found
r-multiplesclerosis-reddit,r/MultipleSclerosis,reddit,r/MultipleSclerosis,https://www.reddit.com/r/MultipleSclerosis/,P2,unsure,77k members per third-party source; secondary bladder-fit only; modmail
r-nursing-reddit,r/nursing,reddit,r/nursing,https://www.reddit.com/r/nursing/,P3,yes,"Real subreddit; 1.1M professional nurses, not direct patient/caregiver target audience"
r-nursinghome-reddit,r/nursinghome,reddit,r/nursinghome,https://www.reddit.com/r/nursinghome/,P2,yes,"Real subreddit ~2K members; mixed audience, lead with advice not promo"
r-perimenopause-reddit,r/Perimenopause,Reddit,r/Perimenopause,https://www.reddit.com/r/Perimenopause/,P2,unsure,Subreddit; no off-platform org site found; modmail DM only
r-postpartumdepression-reddit,r/postpartumdepression,Reddit,r/postpartumdepression,https://www.reddit.com/r/postpartumdepression/,P3,yes,"Mental-health focus, low member count, topic mismatch vs incontinence"
r-postpartumrecovery-reddit,r/PostpartumRecovery,reddit,r/PostpartumRecovery,https://www.reddit.com/r/PostpartumRecovery/,P2,unsure,subreddit only; postpartum audience skews younger than core 40+ target
r-seniors-reddit,r/Seniors,reddit,r/Seniors,https://www.reddit.com/r/Seniors/,P2,unsure,Small senior-aging sub; rules unverified; modmail only
r-womenshealth-reddit,r/WomensHealth,reddit,r/WomensHealth,https://www.reddit.com/r/WomensHealth/,P2,yes,"Real subreddit ~194K members; likely strict no-ad rules, confirm w/ mods"
raquel-raqi-flores-instagram,"Raquel ""Raqi"" Flores",Instagram,@raqiflo,https://www.instagram.com/raqiflo/,P2,no,"Identity unclear; aggregator emails unreliable, common-name collision risk"
rebranding-menopause-podcast-podcast,Rebranding Menopause Podcast,podcast,@rebrandingmenopausepodcast,https://www.rebrandingmenopausepodcast.com/,P2,yes,"real, media-covered podcast; own site has no email or contact form"
sandwich-generation-support-for-caregivers-of-elderly-parent-facebook,Sandwich Generation: Support for Caregivers of Elderly Parents,facebook,,https://www.facebook.com/groups/223725111415361/,P2,yes,Confirmed real FB group via title match; caregiver audience overlap
shebang-menopause-instagram,Shebang Menopause,instagram,@shebangmenopause,https://www.instagram.com/shebangmenopause/,P2,unsure,Menopause product-rec brand; getshebang.com SSL handshake error blocked confirm
speaking-with-care-blog,Speaking With Care,website,,https://speakingwithcare.substack.com,P3,yes,"Sue Dyson; Substack only, no email/form beyond subscribe-message"
staci-tanouye-md-instagram,"Staci Tanouye, MD",Instagram,@dr.staci.t,https://www.instagram.com/dr.staci.t/,P2,unsure,"no owned website found; only directory listings, content not confirmed incontinence-specific"
teepa-snow-positive-approach-to-care-youtube,Teepa Snow / Positive Approach to Care,YouTube,@teepasnowvideos,https://teepasnow.com/,P1,no,from-holds: teepasnow.com blocks fetch (403) on all pages; email only seen on Instagram
that-s-not-my-age-blog,That's Not My Age,website,@thatsnotmyage,https://thatsnotmyage.com/,P1,no,from-holds: thatsnotmyage.com blocks fetch (403) on all pages incl contact/about
the-incontinence-community-facebook,The Incontinence Community,Facebook,theincontinencecommunity,https://www.facebook.com/groups/theincontinencecommunity/,P3,yes,"Depend/Kimberly-Clark-run competitor group; deprioritize, not open door"
the-menopause-support-network-facebook,The Menopause Support Network,facebook,,https://www.facebook.com/groups/384849495215750/,P2,unsure,"Facebook group; direct fetch blocked, cross-confirmed via two search result sets"
