id,name,channel,best_email,form_url,verified,audience_fit,note
embedded-urinary-tract-infection-recurrent-uti-facebook,Embedded Urinary Tract Infection- Recurrent UTI,dm,,,yes,good,Private FB peer-support group; no off-platform site or admin found
global-uti-project-powered-by-live-uti-free-forum,Global UTI Project (powered by Live UTI Free),form,,https://globalutiproject.com/contact/,yes,good,UTI research org; form routes directly to research team
healthcentral-urinary-health-desk-health,HealthCentral Urinary Health desk,email,contactus@healthcentral.com,https://www.healthcentral.com/contact,unsure,good,General support email via search; no dedicated editorial contact found
interstitial-cystitis-association-patient-community-inspire--forum,Interstitial Cystitis Association patient community (Inspire.com),email,ICAmail@ichelp.org,,yes,good,"Contact parent org ICA directly, not the Inspire forum itself"
interstitial-cystitis-athlete-instagram,Interstitial Cystitis Athlete,dm,,,unsure,good,No off-platform site found; identity unconfirmed beyond IG bio
interstitial-cystitis-painful-bladder-syndrome-support-group-facebook,Interstitial Cystitis/ Painful Bladder Syndrome Support Group,dm,,,unsure,good,Facebook group only; no off-platform site; admin unidentified
interstitial-cystitis-recipes-instagram,Interstitial Cystitis Recipes,dm,,,unsure,good,"IG-only IC recipe account; surfaced via forum thread, no site found"
r-interstitialcystitis-forum,r/InterstitialCystitis,dm,,,unsure,good,subreddit only; activity and mods unconfirmed via search
r-uti-forum,r/UTI,dm,,,yes,good,"Real subreddit; UTI-specific fit; contact via modmail, no moderator name found"
